Quartile,Mean_CAR_0_1,Median_CAR_0_1,N
Q1,-0.005123712000000004,-0.00403349999999995,250
Q2,-0.006474731999999999,-0.011467000000000001,250
Q3,0.0038296439999999997,0.0049314999999998995,250
Q4,0.014158415999999997,0.0126614999999999,250

Spread (Q4 - Q1),0.019282128
T-test (Q4 vs Q1) t-stat,3.338694062245282
T-test (Q4 vs Q1) p-value,0.0009047925478810115
ANOVA F-stat,5.426093784727316
ANOVA p-value,0.001054061644560545
